trial,testing,parameters,initial_deadline,final_deadline,net_reward,actions,success
1,False,"{'a': 0.4995, 'e': 0.99501247919268232}",20,0,-123.55854746960566,"{0: 11, 1: 4, 2: 2, 3: 1, 4: 2}",0
2,False,"{'a': 0.499, 'e': 0.99004983374916811}",25,0,-94.57717347781828,"{0: 16, 1: 3, 2: 4, 3: 1, 4: 1}",0
3,False,"{'a': 0.4985, 'e': 0.98511193960306265}",25,0,-128.24247663956396,"{0: 13, 1: 4, 2: 6, 3: 1, 4: 1}",0
4,False,"{'a': 0.498, 'e': 0.98019867330675525}",30,12,-54.30380159458856,"{0: 10, 1: 3, 2: 4, 3: 1, 4: 0}",1
5,False,"{'a': 0.4975, 'e': 0.97530991202833262}",20,0,-55.73170052988377,"{0: 13, 1: 2, 2: 4, 3: 1, 4: 0}",0
6,False,"{'a': 0.497, 'e': 0.97044553354850815}",25,0,-163.6873467751711,"{0: 10, 1: 3, 2: 10, 3: 1, 4: 1}",0
7,False,"{'a': 0.4965, 'e': 0.96560541625756646}",25,0,-125.82259680367859,"{0: 14, 1: 4, 2: 5, 3: 0, 4: 2}",0
8,False,"{'a': 0.496, 'e': 0.96078943915232318}",20,0,-132.24575606738665,"{0: 11, 1: 3, 2: 3, 3: 1, 4: 2}",0
9,False,"{'a': 0.4955, 'e': 0.95599748183309996}",20,9,-11.14461586250935,"{0: 8, 1: 2, 2: 1, 3: 0, 4: 0}",1
10,False,"{'a': 0.495, 'e': 0.95122942450071402}",20,0,-58.781009217890855,"{0: 12, 1: 3, 2: 4, 3: 1, 4: 0}",0
11,False,"{'a': 0.4945, 'e': 0.94648514795348382}",25,0,-10.933261792896882,"{0: 24, 1: 0, 2: 0, 3: 0, 4: 1}",1
12,False,"{'a': 0.494, 'e': 0.94176453358424872}",20,9,-5.938978677127359,"{0: 10, 1: 0, 2: 0, 3: 1, 4: 0}",1
13,False,"{'a': 0.4935, 'e': 0.93706746337740343}",25,1,-21.441916063039823,"{0: 22, 1: 0, 2: 1, 3: 0, 4: 1}",1
14,False,"{'a': 0.493, 'e': 0.93239381990594827}",30,16,20.919825532294936,"{0: 14, 1: 0, 2: 0, 3: 0, 4: 0}",1
15,False,"{'a': 0.4925, 'e': 0.92774348632855286}",20,3,-34.76242747194191,"{0: 15, 1: 0, 2: 0, 3: 1, 4: 1}",1
16,False,"{'a': 0.492, 'e': 0.92311634638663576}",20,9,4.104972653028847,"{0: 10, 1: 0, 2: 1, 3: 0, 4: 0}",1
17,False,"{'a': 0.4915, 'e': 0.91851228440145738}",30,0,-26.095061911633504,"{0: 28, 1: 0, 2: 0, 3: 1, 4: 1}",0
18,False,"{'a': 0.491, 'e': 0.91393118527122819}",25,18,11.797116897178041,"{0: 7, 1: 0, 2: 0, 3: 0, 4: 0}",1
19,False,"{'a': 0.4905, 'e': 0.90937293446823142}",25,8,30.450942659501912,"{0: 17, 1: 0, 2: 0, 3: 0, 4: 0}",1
20,False,"{'a': 0.49, 'e': 0.90483741803595952}",25,2,35.85233341647255,"{0: 23, 1: 0, 2: 0, 3: 0, 4: 0}",1
21,False,"{'a': 0.4895, 'e': 0.90032452258626561}",20,0,-50.87611817091705,"{0: 17, 1: 0, 2: 1, 3: 1, 4: 1}",0
22,False,"{'a': 0.489, 'e': 0.89583413529652822}",20,11,14.332155979398927,"{0: 9, 1: 0, 2: 0, 3: 0, 4: 0}",1
23,False,"{'a': 0.4885, 'e': 0.89136614390683133}",25,0,-18.750522446097833,"{0: 23, 1: 0, 2: 1, 3: 0, 4: 1}",0
24,False,"{'a': 0.488, 'e': 0.88692043671715748}",20,11,12.120318143481647,"{0: 9, 1: 0, 2: 0, 3: 0, 4: 0}",1
25,False,"{'a': 0.4875, 'e': 0.88249690258459546}",25,17,14.440934791814867,"{0: 8, 1: 0, 2: 0, 3: 0, 4: 0}",1
26,False,"{'a': 0.487, 'e': 0.8780954309205613}",35,18,-17.890219055141344,"{0: 16, 1: 0, 2: 0, 3: 0, 4: 1}",1
27,False,"{'a': 0.4865, 'e': 0.87371591168803442}",25,11,22.333065756781295,"{0: 14, 1: 0, 2: 0, 3: 0, 4: 0}",1
28,False,"{'a': 0.486, 'e': 0.86935823539880586}",25,11,25.269249762719788,"{0: 14, 1: 0, 2: 0, 3: 0, 4: 0}",1
29,False,"{'a': 0.4855, 'e': 0.8650222931107413}",25,3,-0.06216271154369757,"{0: 20, 1: 0, 2: 1, 3: 1, 4: 0}",1
30,False,"{'a': 0.485, 'e': 0.86070797642505781}",25,0,5.927422643815076,"{0: 23, 1: 1, 2: 0, 3: 1, 4: 0}",0
31,False,"{'a': 0.4845, 'e': 0.85641517748361351}",20,0,28.11107761265517,"{0: 20, 1: 0, 2: 0, 3: 0, 4: 0}",0
32,False,"{'a': 0.484, 'e': 0.85214378896621135}",20,0,27.29156475839316,"{0: 20, 1: 0, 2: 0, 3: 0, 4: 0}",0
33,False,"{'a': 0.4835, 'e': 0.84789370408791587}",25,8,31.319740156725373,"{0: 17, 1: 0, 2: 0, 3: 0, 4: 0}",1
34,False,"{'a': 0.483, 'e': 0.8436648165963837}",25,14,17.777402691712574,"{0: 11, 1: 0, 2: 0, 3: 0, 4: 0}",1
35,False,"{'a': 0.4825, 'e': 0.83945702076920736}",25,0,26.985350812405727,"{0: 25, 1: 0, 2: 0, 3: 0, 4: 0}",0
36,False,"{'a': 0.482, 'e': 0.835270211411272}",30,11,33.02296067849005,"{0: 19, 1: 0, 2: 0, 3: 0, 4: 0}",1
37,False,"{'a': 0.4815, 'e': 0.83110428385212565}",30,16,23.806120700755795,"{0: 14, 1: 0, 2: 0, 3: 0, 4: 0}",1
38,False,"{'a': 0.481, 'e': 0.82695913394336229}",30,13,13.69842105557935,"{0: 16, 1: 0, 2: 1, 3: 0, 4: 0}",1
39,False,"{'a': 0.4805, 'e': 0.82283465805601841}",20,0,28.17688602043492,"{0: 20, 1: 0, 2: 0, 3: 0, 4: 0}",0
40,False,"{'a': 0.48, 'e': 0.81873075307798182}",20,11,-7.162191983798564,"{0: 8, 1: 0, 2: 0, 3: 1, 4: 0}",1
41,False,"{'a': 0.4795, 'e': 0.81464731641141452}",25,0,35.53915163230383,"{0: 25, 1: 0, 2: 0, 3: 0, 4: 0}",0
42,False,"{'a': 0.479, 'e': 0.81058424597018708}",20,0,23.202870009171345,"{0: 20, 1: 0, 2: 0, 3: 0, 4: 0}",0
43,False,"{'a': 0.4785, 'e': 0.80654144017732687}",20,0,20.512784074876645,"{0: 19, 1: 0, 2: 1, 3: 0, 4: 0}",0
44,False,"{'a': 0.478, 'e': 0.80251879796247849}",30,18,23.604610711974342,"{0: 12, 1: 0, 2: 0, 3: 0, 4: 0}",1
45,False,"{'a': 0.4775, 'e': 0.79851621875937706}",30,13,28.735305346218716,"{0: 17, 1: 0, 2: 0, 3: 0, 4: 0}",1
46,False,"{'a': 0.477, 'e': 0.79453360250333405}",20,6,19.401694986669398,"{0: 14, 1: 0, 2: 0, 3: 0, 4: 0}",1
47,False,"{'a': 0.4765, 'e': 0.79057084962873558}",25,15,17.262965654660626,"{0: 10, 1: 0, 2: 0, 3: 0, 4: 0}",1
48,False,"{'a': 0.476, 'e': 0.78662786106655347}",20,2,20.800382215657212,"{0: 18, 1: 0, 2: 0, 3: 0, 4: 0}",1
49,False,"{'a': 0.4755, 'e': 0.78270453824186814}",20,8,22.362229840027442,"{0: 12, 1: 0, 2: 0, 3: 0, 4: 0}",1
50,False,"{'a': 0.475, 'e': 0.77880078307140488}",25,0,35.557607878974515,"{0: 25, 1: 0, 2: 0, 3: 0, 4: 0}",0
51,False,"{'a': 0.4745, 'e': 0.77491649796108097}",20,6,26.728148279926387,"{0: 14, 1: 0, 2: 0, 3: 0, 4: 0}",1
52,False,"{'a': 0.474, 'e': 0.77105158580356625}",25,11,24.768080725936372,"{0: 14, 1: 0, 2: 0, 3: 0, 4: 0}",1
53,False,"{'a': 0.4735, 'e': 0.76720594997585567}",25,9,26.783532543275882,"{0: 16, 1: 0, 2: 0, 3: 0, 4: 0}",1
54,False,"{'a': 0.473, 'e': 0.76337949433685315}",30,11,10.332494311594123,"{0: 18, 1: 0, 2: 0, 3: 1, 4: 0}",1
55,False,"{'a': 0.4725, 'e': 0.75957212322496848}",20,3,28.896329240624606,"{0: 17, 1: 0, 2: 0, 3: 0, 4: 0}",1
56,False,"{'a': 0.472, 'e': 0.75578374145572547}",20,2,28.882921609737828,"{0: 18, 1: 0, 2: 0, 3: 0, 4: 0}",1
57,False,"{'a': 0.4715, 'e': 0.75201425431938262}",20,13,-27.437239549939008,"{0: 6, 1: 0, 2: 0, 3: 0, 4: 1}",1
58,False,"{'a': 0.471, 'e': 0.74826356757856527}",20,0,24.15870609136886,"{0: 20, 1: 0, 2: 0, 3: 0, 4: 0}",0
59,False,"{'a': 0.4705, 'e': 0.74453158746590942}",25,0,21.419650788644706,"{0: 24, 1: 0, 2: 1, 3: 0, 4: 0}",0
60,False,"{'a': 0.47, 'e': 0.74081822068171788}",25,7,-16.63861854869034,"{0: 17, 1: 0, 2: 0, 3: 0, 4: 1}",1
61,False,"{'a': 0.4695, 'e': 0.73712337439162778}",25,3,36.97221602880826,"{0: 22, 1: 0, 2: 0, 3: 0, 4: 0}",1
62,False,"{'a': 0.469, 'e': 0.73344695622428924}",25,5,32.49662695268881,"{0: 20, 1: 0, 2: 0, 3: 0, 4: 0}",1
63,False,"{'a': 0.46849999999999997, 'e': 0.72978887426905681}",20,16,6.345422592966967,"{0: 4, 1: 0, 2: 0, 3: 0, 4: 0}",1
64,False,"{'a': 0.46799999999999997, 'e': 0.72614903707369094}",30,14,28.825081547806672,"{0: 16, 1: 0, 2: 0, 3: 0, 4: 0}",1
65,False,"{'a': 0.46749999999999997, 'e': 0.72252735364207221}",25,13,20.48500428178967,"{0: 12, 1: 0, 2: 0, 3: 0, 4: 0}",1
66,False,"{'a': 0.46699999999999997, 'e': 0.71892373343192617}",20,0,32.566119186068406,"{0: 20, 1: 0, 2: 0, 3: 0, 4: 0}",0
67,False,"{'a': 0.46649999999999997, 'e': 0.71533808635255991}",20,0,18.864280654069084,"{0: 20, 1: 0, 2: 0, 3: 0, 4: 0}",0
68,False,"{'a': 0.46599999999999997, 'e': 0.71177032276260965}",30,18,18.026058914013387,"{0: 12, 1: 0, 2: 0, 3: 0, 4: 0}",1
69,False,"{'a': 0.46549999999999997, 'e': 0.70822035346779999}",35,25,15.517707447400458,"{0: 10, 1: 0, 2: 0, 3: 0, 4: 0}",1
70,False,"{'a': 0.46499999999999997, 'e': 0.70468808971871344}",25,13,-17.895310497118796,"{0: 11, 1: 0, 2: 0, 3: 0, 4: 1}",1
71,False,"{'a': 0.46449999999999997, 'e': 0.70117344320857244}",20,0,17.49864295586323,"{0: 19, 1: 0, 2: 1, 3: 0, 4: 0}",0
72,False,"{'a': 0.46399999999999997, 'e': 0.69767632607103103}",25,17,14.785225582231092,"{0: 8, 1: 0, 2: 0, 3: 0, 4: 0}",1
73,False,"{'a': 0.46349999999999997, 'e': 0.69419665087797888}",25,13,22.458185799656185,"{0: 12, 1: 0, 2: 0, 3: 0, 4: 0}",1
74,False,"{'a': 0.46299999999999997, 'e': 0.69073433063735468}",30,0,51.433507672294446,"{0: 30, 1: 0, 2: 0, 3: 0, 4: 0}",0
75,False,"{'a': 0.46249999999999997, 'e': 0.68728927879097224}",25,13,20.341898960532696,"{0: 12, 1: 0, 2: 0, 3: 0, 4: 0}",1
76,False,"{'a': 0.46199999999999997, 'e': 0.68386140921235583}",30,3,-40.31640675642911,"{0: 25, 1: 0, 2: 0, 3: 0, 4: 2}",1
77,False,"{'a': 0.46149999999999997, 'e': 0.68045063620458768}",20,4,25.20851962321886,"{0: 16, 1: 0, 2: 0, 3: 0, 4: 0}",1
78,False,"{'a': 0.46099999999999997, 'e': 0.67705687449816465}",25,15,18.26457887606326,"{0: 10, 1: 0, 2: 0, 3: 0, 4: 0}",1
79,False,"{'a': 0.46049999999999996, 'e': 0.67368003924886766}",35,14,39.93422319537603,"{0: 21, 1: 0, 2: 0, 3: 0, 4: 0}",1
80,False,"{'a': 0.45999999999999996, 'e': 0.67032004603563933}",30,16,24.61485565280421,"{0: 14, 1: 0, 2: 0, 3: 0, 4: 0}",1
81,False,"{'a': 0.45949999999999996, 'e': 0.66697681085847438}",25,0,35.78410190406484,"{0: 25, 1: 0, 2: 0, 3: 0, 4: 0}",0
82,False,"{'a': 0.45899999999999996, 'e': 0.6636502501363194}",30,12,25.74558077683667,"{0: 18, 1: 0, 2: 0, 3: 0, 4: 0}",1
83,False,"{'a': 0.45849999999999996, 'e': 0.66034028070498285}",25,17,13.454415495153544,"{0: 8, 1: 0, 2: 0, 3: 0, 4: 0}",1
84,False,"{'a': 0.45799999999999996, 'e': 0.65704681981505675}",20,7,19.98855269764326,"{0: 13, 1: 0, 2: 0, 3: 0, 4: 0}",1
85,False,"{'a': 0.45749999999999996, 'e': 0.65376978512984729}",20,12,12.258091391536537,"{0: 8, 1: 0, 2: 0, 3: 0, 4: 0}",1
86,False,"{'a': 0.45699999999999996, 'e': 0.65050909472331653}",30,16,23.521133859381795,"{0: 14, 1: 0, 2: 0, 3: 0, 4: 0}",1
87,False,"{'a': 0.45649999999999996, 'e': 0.64726466707803465}",20,0,22.866825383391966,"{0: 20, 1: 0, 2: 0, 3: 0, 4: 0}",0
88,False,"{'a': 0.45599999999999996, 'e': 0.64403642108314141}",20,0,29.372013173096853,"{0: 20, 1: 0, 2: 0, 3: 0, 4: 0}",0
89,False,"{'a': 0.45549999999999996, 'e': 0.64082427603231873}",25,0,25.39294572148554,"{0: 24, 1: 1, 2: 0, 3: 0, 4: 0}",0
90,False,"{'a': 0.45499999999999996, 'e': 0.63762815162177333}",20,12,12.05780122480065,"{0: 8, 1: 0, 2: 0, 3: 0, 4: 0}",1
91,False,"{'a': 0.45449999999999996, 'e': 0.63444796794822822}",20,11,18.16967201655276,"{0: 9, 1: 0, 2: 0, 3: 0, 4: 0}",1
92,False,"{'a': 0.45399999999999996, 'e': 0.63128364550692595}",25,5,33.251265954226824,"{0: 20, 1: 0, 2: 0, 3: 0, 4: 0}",1
93,False,"{'a': 0.45349999999999996, 'e': 0.62813510518964077}",30,2,42.883628970264,"{0: 28, 1: 0, 2: 0, 3: 0, 4: 0}",1
94,False,"{'a': 0.45299999999999996, 'e': 0.62500226828270078}",20,0,31.652735017880445,"{0: 20, 1: 0, 2: 0, 3: 0, 4: 0}",0
95,False,"{'a': 0.45249999999999996, 'e': 0.62188505646502001}",20,0,25.778019343902532,"{0: 20, 1: 0, 2: 0, 3: 0, 4: 0}",1
96,False,"{'a': 0.45199999999999996, 'e': 0.61878339180614084}",20,4,27.85555365777076,"{0: 16, 1: 0, 2: 0, 3: 0, 4: 0}",1
97,False,"{'a': 0.45149999999999996, 'e': 0.61569719676428514}",30,18,16.468522399536326,"{0: 12, 1: 0, 2: 0, 3: 0, 4: 0}",1
98,False,"{'a': 0.45099999999999996, 'e': 0.61262639418441611}",30,0,-6.334093392904177,"{0: 29, 1: 0, 2: 0, 3: 0, 4: 1}",0
99,False,"{'a': 0.45049999999999996, 'e': 0.60957090729630925}",25,2,31.13524000834421,"{0: 23, 1: 0, 2: 0, 3: 0, 4: 0}",1
100,False,"{'a': 0.44999999999999996, 'e': 0.60653065971263342}",20,1,30.049320625148983,"{0: 19, 1: 0, 2: 0, 3: 0, 4: 0}",1
101,False,"{'a': 0.44949999999999996, 'e': 0.60350557542704053}",25,0,29.643674179864927,"{0: 25, 1: 0, 2: 0, 3: 0, 4: 0}",0
102,False,"{'a': 0.44899999999999995, 'e': 0.6004955788122659}",25,2,36.41986724440322,"{0: 23, 1: 0, 2: 0, 3: 0, 4: 0}",1
103,False,"{'a': 0.44849999999999995, 'e': 0.59750059461823746}",25,12,23.700434362226606,"{0: 13, 1: 0, 2: 0, 3: 0, 4: 0}",1
104,False,"{'a': 0.44799999999999995, 'e': 0.59452054797019438}",25,16,17.691530267888517,"{0: 9, 1: 0, 2: 0, 3: 0, 4: 0}",1
105,False,"{'a': 0.44749999999999995, 'e': 0.59155536436681511}",20,10,15.943526081236293,"{0: 10, 1: 0, 2: 0, 3: 0, 4: 0}",1
106,False,"{'a': 0.44699999999999995, 'e': 0.58860496967835518}",20,6,25.636414935129622,"{0: 14, 1: 0, 2: 0, 3: 0, 4: 0}",1
107,False,"{'a': 0.44649999999999995, 'e': 0.58566929014479374}",25,1,33.66146546354776,"{0: 24, 1: 0, 2: 0, 3: 0, 4: 0}",1
108,False,"{'a': 0.44599999999999995, 'e': 0.58274825237398964}",25,0,37.656295753958226,"{0: 25, 1: 0, 2: 0, 3: 0, 4: 0}",0
109,False,"{'a': 0.44549999999999995, 'e': 0.57984178333984637}",35,24,15.504084398415053,"{0: 11, 1: 0, 2: 0, 3: 0, 4: 0}",1
110,False,"{'a': 0.44499999999999995, 'e': 0.57694981038048665}",30,0,36.989667342641276,"{0: 30, 1: 0, 2: 0, 3: 0, 4: 0}",0
111,False,"{'a': 0.44449999999999995, 'e': 0.57407226119643595}",25,0,36.64856592905318,"{0: 25, 1: 0, 2: 0, 3: 0, 4: 0}",0
112,False,"{'a': 0.44399999999999995, 'e': 0.57120906384881487}",20,0,31.449274925083042,"{0: 20, 1: 0, 2: 0, 3: 0, 4: 0}",1
113,False,"{'a': 0.44349999999999995, 'e': 0.56836014675754043}",25,0,38.11947015001233,"{0: 25, 1: 0, 2: 0, 3: 0, 4: 0}",0
114,False,"{'a': 0.44299999999999995, 'e': 0.56552543869953709}",25,2,26.86044873031104,"{0: 23, 1: 0, 2: 0, 3: 0, 4: 0}",1
115,False,"{'a': 0.44249999999999995, 'e': 0.56270486880695569}",20,11,14.313398819310722,"{0: 9, 1: 0, 2: 0, 3: 0, 4: 0}",1
116,False,"{'a': 0.44199999999999995, 'e': 0.55989836656540204}",20,10,17.323560934896285,"{0: 10, 1: 0, 2: 0, 3: 0, 4: 0}",1
117,False,"{'a': 0.44149999999999995, 'e': 0.55710586181217392}",30,7,39.12893263980498,"{0: 23, 1: 0, 2: 0, 3: 0, 4: 0}",1
118,False,"{'a': 0.44099999999999995, 'e': 0.5543272847345071}",20,0,31.20032234790133,"{0: 20, 1: 0, 2: 0, 3: 0, 4: 0}",0
119,False,"{'a': 0.44049999999999995, 'e': 0.55156256586782981}",25,3,27.42478393171544,"{0: 22, 1: 0, 2: 0, 3: 0, 4: 0}",1
120,False,"{'a': 0.43999999999999995, 'e': 0.5488116360940265}",20,5,27.788485908861514,"{0: 15, 1: 0, 2: 0, 3: 0, 4: 0}",1
121,False,"{'a': 0.43949999999999995, 'e': 0.5460744266397094}",20,0,29.659732740978345,"{0: 20, 1: 0, 2: 0, 3: 0, 4: 0}",0
122,False,"{'a': 0.43899999999999995, 'e': 0.54335086907449981}",25,0,34.40076093390093,"{0: 25, 1: 0, 2: 0, 3: 0, 4: 0}",0
123,False,"{'a': 0.43849999999999995, 'e': 0.54064089530931658}",25,6,28.996920984268698,"{0: 19, 1: 0, 2: 0, 3: 0, 4: 0}",1
124,False,"{'a': 0.43799999999999994, 'e': 0.53794443759467447}",25,20,10.075106478961755,"{0: 5, 1: 0, 2: 0, 3: 0, 4: 0}",1
125,False,"{'a': 0.43749999999999994, 'e': 0.53526142851899028}",20,0,28.881552669880392,"{0: 20, 1: 0, 2: 0, 3: 0, 4: 0}",0
126,False,"{'a': 0.43699999999999994, 'e': 0.53259180100689718}",25,13,22.110935388196996,"{0: 12, 1: 0, 2: 0, 3: 0, 4: 0}",1
127,False,"{'a': 0.43649999999999994, 'e': 0.52993548831756854}",25,18,11.483706118156718,"{0: 7, 1: 0, 2: 0, 3: 0, 4: 0}",1
128,False,"{'a': 0.43599999999999994, 'e': 0.52729242404304855}",25,8,31.50256278045655,"{0: 17, 1: 0, 2: 0, 3: 0, 4: 0}",1
129,False,"{'a': 0.43549999999999994, 'e': 0.52466254210659291}",20,0,30.158249448748528,"{0: 20, 1: 0, 2: 0, 3: 0, 4: 0}",0
130,False,"{'a': 0.43499999999999994, 'e': 0.52204577676101604}",20,14,11.803523716659116,"{0: 6, 1: 0, 2: 0, 3: 0, 4: 0}",1
131,False,"{'a': 0.43449999999999994, 'e': 0.51944206258704817}",25,11,24.82172661084672,"{0: 14, 1: 0, 2: 0, 3: 0, 4: 0}",1
132,False,"{'a': 0.43399999999999994, 'e': 0.51685133449169918}",20,0,21.262170168197258,"{0: 20, 1: 0, 2: 0, 3: 0, 4: 0}",0
133,False,"{'a': 0.43349999999999994, 'e': 0.51427352770663193}",20,7,21.870745385259568,"{0: 13, 1: 0, 2: 0, 3: 0, 4: 0}",1
134,False,"{'a': 0.43299999999999994, 'e': 0.51170857778654244}",25,19,10.151955961665486,"{0: 6, 1: 0, 2: 0, 3: 0, 4: 0}",1
135,False,"{'a': 0.43249999999999994, 'e': 0.50915642060754918}",25,0,40.015208336428955,"{0: 25, 1: 0, 2: 0, 3: 0, 4: 0}",0
136,False,"{'a': 0.43199999999999994, 'e': 0.50661699236558955}",20,13,12.377597249036745,"{0: 7, 1: 0, 2: 0, 3: 0, 4: 0}",1
137,False,"{'a': 0.43149999999999994, 'e': 0.50409022957482552}",30,20,15.617957668890224,"{0: 10, 1: 0, 2: 0, 3: 0, 4: 0}",1
138,False,"{'a': 0.43099999999999994, 'e': 0.50157606906605545}",20,8,26.09134595703637,"{0: 12, 1: 0, 2: 0, 3: 0, 4: 0}",1
139,False,"{'a': 0.43049999999999994, 'e': 0.49907444798513595}",20,0,30.331087384828763,"{0: 20, 1: 0, 2: 0, 3: 0, 4: 0}",0
140,False,"{'a': 0.42999999999999994, 'e': 0.49658530379140947}",20,11,13.58123933804726,"{0: 9, 1: 0, 2: 0, 3: 0, 4: 0}",1
141,False,"{'a': 0.42949999999999994, 'e': 0.49410857425614169}",20,13,13.46473536832997,"{0: 7, 1: 0, 2: 0, 3: 0, 4: 0}",1
142,False,"{'a': 0.42899999999999994, 'e': 0.4916441974609651}",20,0,24.070456715638866,"{0: 20, 1: 0, 2: 0, 3: 0, 4: 0}",0
143,False,"{'a': 0.42849999999999994, 'e': 0.48919211179633154}",30,4,41.11683499098403,"{0: 26, 1: 0, 2: 0, 3: 0, 4: 0}",1
144,False,"{'a': 0.42799999999999994, 'e': 0.48675225595997168}",35,6,45.28405288723396,"{0: 29, 1: 0, 2: 0, 3: 0, 4: 0}",1
145,False,"{'a': 0.42749999999999994, 'e': 0.48432456895536247}",25,4,33.59462718816015,"{0: 21, 1: 0, 2: 0, 3: 0, 4: 0}",1
146,False,"{'a': 0.42699999999999994, 'e': 0.48190899009020244}",20,8,21.07289841010181,"{0: 12, 1: 0, 2: 0, 3: 0, 4: 0}",1
147,False,"{'a': 0.42649999999999993, 'e': 0.47950545897489411}",25,16,16.95715411544809,"{0: 9, 1: 0, 2: 0, 3: 0, 4: 0}",1
148,False,"{'a': 0.42599999999999993, 'e': 0.47711391552103438}",30,14,31.460148186836122,"{0: 16, 1: 0, 2: 0, 3: 0, 4: 0}",1
149,False,"{'a': 0.42549999999999993, 'e': 0.4747342999399124}",25,8,30.978151511690797,"{0: 17, 1: 0, 2: 0, 3: 0, 4: 0}",1
150,False,"{'a': 0.42499999999999993, 'e': 0.47236655274101469}",30,10,30.15979688589367,"{0: 20, 1: 0, 2: 0, 3: 0, 4: 0}",1
151,False,"{'a': 0.42449999999999993, 'e': 0.47001061473053796}",25,5,28.352239830590545,"{0: 20, 1: 0, 2: 0, 3: 0, 4: 0}",1
152,False,"{'a': 0.42399999999999993, 'e': 0.46766642700990924}",20,4,26.06241929523761,"{0: 16, 1: 0, 2: 0, 3: 0, 4: 0}",1
153,False,"{'a': 0.42349999999999993, 'e': 0.46533393097431341}",20,6,26.392265586513645,"{0: 14, 1: 0, 2: 0, 3: 0, 4: 0}",1
154,False,"{'a': 0.42299999999999993, 'e': 0.46301306831122807}",20,14,15.573293842741537,"{0: 6, 1: 0, 2: 0, 3: 0, 4: 0}",1
155,False,"{'a': 0.42249999999999993, 'e': 0.46070378099896581}",25,6,28.775403296068554,"{0: 19, 1: 0, 2: 0, 3: 0, 4: 0}",1
156,False,"{'a': 0.42199999999999993, 'e': 0.45840601130522352}",20,0,23.581001822129963,"{0: 20, 1: 0, 2: 0, 3: 0, 4: 0}",0
157,False,"{'a': 0.42149999999999993, 'e': 0.45611970178563921}",20,10,16.931773295590943,"{0: 10, 1: 0, 2: 0, 3: 0, 4: 0}",1
158,False,"{'a': 0.42099999999999993, 'e': 0.45384479528235583}",20,0,27.77938497680017,"{0: 20, 1: 0, 2: 0, 3: 0, 4: 0}",0
159,False,"{'a': 0.42049999999999993, 'e': 0.45158123492259222}",20,0,33.046643245078094,"{0: 20, 1: 0, 2: 0, 3: 0, 4: 0}",0
160,False,"{'a': 0.41999999999999993, 'e': 0.44932896411722156}",20,0,22.655117737318186,"{0: 20, 1: 0, 2: 0, 3: 0, 4: 0}",0
161,False,"{'a': 0.41949999999999993, 'e': 0.44708792655935642}",20,9,18.412446081811762,"{0: 11, 1: 0, 2: 0, 3: 0, 4: 0}",1
162,False,"{'a': 0.41899999999999993, 'e': 0.44485806622294111}",20,5,26.70844354406289,"{0: 15, 1: 0, 2: 0, 3: 0, 4: 0}",1
163,False,"{'a': 0.4184999999999999, 'e': 0.44263932736135109}",25,0,32.14646302882776,"{0: 25, 1: 0, 2: 0, 3: 0, 4: 0}",0
164,False,"{'a': 0.4179999999999999, 'e': 0.44043165450599925}",25,7,22.31620420225299,"{0: 18, 1: 0, 2: 0, 3: 0, 4: 0}",1
165,False,"{'a': 0.4174999999999999, 'e': 0.43823499246494918}",20,2,28.520583943390776,"{0: 18, 1: 0, 2: 0, 3: 0, 4: 0}",1
166,False,"{'a': 0.4169999999999999, 'e': 0.43604928632153556}",20,0,26.974618466989376,"{0: 20, 1: 0, 2: 0, 3: 0, 4: 0}",0
167,False,"{'a': 0.4164999999999999, 'e': 0.4338744814329909}",20,0,31.23590492680775,"{0: 20, 1: 0, 2: 0, 3: 0, 4: 0}",1
168,False,"{'a': 0.4159999999999999, 'e': 0.43171052342907973}",20,16,5.989883447933815,"{0: 4, 1: 0, 2: 0, 3: 0, 4: 0}",1
169,False,"{'a': 0.4154999999999999, 'e': 0.42955735821073915}",35,24,15.645139237808765,"{0: 11, 1: 0, 2: 0, 3: 0, 4: 0}",1
170,False,"{'a': 0.4149999999999999, 'e': 0.42741493194872671}",20,9,17.882532573564525,"{0: 11, 1: 0, 2: 0, 3: 0, 4: 0}",1
171,False,"{'a': 0.4144999999999999, 'e': 0.42528319108227414}",20,0,28.222265944296073,"{0: 20, 1: 0, 2: 0, 3: 0, 4: 0}",0
172,False,"{'a': 0.4139999999999999, 'e': 0.42316208231774882}",25,5,36.173434887175056,"{0: 20, 1: 0, 2: 0, 3: 0, 4: 0}",1
173,False,"{'a': 0.4134999999999999, 'e': 0.42105155262732119}",30,6,40.62737941609968,"{0: 24, 1: 0, 2: 0, 3: 0, 4: 0}",1
174,False,"{'a': 0.4129999999999999, 'e': 0.418951549247639}",30,22,12.747734562583487,"{0: 8, 1: 0, 2: 0, 3: 0, 4: 0}",1
175,False,"{'a': 0.4124999999999999, 'e': 0.41686201967850839}",25,0,33.046848434422934,"{0: 25, 1: 0, 2: 0, 3: 0, 4: 0}",0
176,False,"{'a': 0.4119999999999999, 'e': 0.41478291168158138}",20,0,24.03167777272346,"{0: 20, 1: 0, 2: 0, 3: 0, 4: 0}",0
177,False,"{'a': 0.4114999999999999, 'e': 0.41271417327904969}",35,11,36.61534569780742,"{0: 24, 1: 0, 2: 0, 3: 0, 4: 0}",1
178,False,"{'a': 0.4109999999999999, 'e': 0.4106557527523455}",20,0,26.476738431491007,"{0: 20, 1: 0, 2: 0, 3: 0, 4: 0}",0
179,False,"{'a': 0.4104999999999999, 'e': 0.40860759864084845}",30,6,34.63375604752548,"{0: 24, 1: 0, 2: 0, 3: 0, 4: 0}",1
180,False,"{'a': 0.4099999999999999, 'e': 0.40656965974059911}",20,0,31.010325027899874,"{0: 20, 1: 0, 2: 0, 3: 0, 4: 0}",0
181,False,"{'a': 0.4094999999999999, 'e': 0.40454188510301881}",25,11,24.675539278616842,"{0: 14, 1: 0, 2: 0, 3: 0, 4: 0}",1
182,False,"{'a': 0.4089999999999999, 'e': 0.40252422403363597}",30,14,27.862911680738133,"{0: 16, 1: 0, 2: 0, 3: 0, 4: 0}",1
183,False,"{'a': 0.4084999999999999, 'e': 0.40051662609081878}",25,5,34.19699396669935,"{0: 20, 1: 0, 2: 0, 3: 0, 4: 0}",1
184,False,"{'a': 0.4079999999999999, 'e': 0.39851904108451414}",20,9,14.923845777458872,"{0: 11, 1: 0, 2: 0, 3: 0, 4: 0}",1
185,False,"{'a': 0.4074999999999999, 'e': 0.39653141907499284}",30,16,22.6569855235657,"{0: 14, 1: 0, 2: 0, 3: 0, 4: 0}",1
186,False,"{'a': 0.4069999999999999, 'e': 0.39455371037160109}",25,12,21.22061045761803,"{0: 13, 1: 0, 2: 0, 3: 0, 4: 0}",1
187,False,"{'a': 0.4064999999999999, 'e': 0.39258586553151836}",20,8,24.641306694211686,"{0: 12, 1: 0, 2: 0, 3: 0, 4: 0}",1
188,False,"{'a': 0.4059999999999999, 'e': 0.39062783535852108}",25,11,22.181011952568017,"{0: 14, 1: 0, 2: 0, 3: 0, 4: 0}",1
189,False,"{'a': 0.4054999999999999, 'e': 0.38867957090175298}",20,8,22.45872458475407,"{0: 12, 1: 0, 2: 0, 3: 0, 4: 0}",1
190,False,"{'a': 0.4049999999999999, 'e': 0.38674102345450118}",25,12,18.95284768122802,"{0: 13, 1: 0, 2: 0, 3: 0, 4: 0}",1
191,False,"{'a': 0.4044999999999999, 'e': 0.38481214455297852}",25,17,12.803044769701676,"{0: 8, 1: 0, 2: 0, 3: 0, 4: 0}",1
192,False,"{'a': 0.4039999999999999, 'e': 0.38289288597511206}",25,7,27.020826866811596,"{0: 18, 1: 0, 2: 0, 3: 0, 4: 0}",1
193,False,"{'a': 0.4034999999999999, 'e': 0.38098319973933725}",25,1,37.157323976943275,"{0: 24, 1: 0, 2: 0, 3: 0, 4: 0}",1
194,False,"{'a': 0.4029999999999999, 'e': 0.37908303810339883}",35,0,48.551261652683884,"{0: 35, 1: 0, 2: 0, 3: 0, 4: 0}",0
195,False,"{'a': 0.4024999999999999, 'e': 0.37719235356315695}",30,9,34.17598660838561,"{0: 21, 1: 0, 2: 0, 3: 0, 4: 0}",1
196,False,"{'a': 0.4019999999999999, 'e': 0.37531109885139957}",30,21,15.982197510875249,"{0: 9, 1: 0, 2: 0, 3: 0, 4: 0}",1
197,False,"{'a': 0.4014999999999999, 'e': 0.37343922693666093}",25,12,21.448911219915896,"{0: 13, 1: 0, 2: 0, 3: 0, 4: 0}",1
198,False,"{'a': 0.4009999999999999, 'e': 0.37157669102204571}",25,16,15.979680358619047,"{0: 9, 1: 0, 2: 0, 3: 0, 4: 0}",1
199,False,"{'a': 0.4004999999999999, 'e': 0.36972344454405898}",20,0,30.97635435432366,"{0: 20, 1: 0, 2: 0, 3: 0, 4: 0}",0
200,False,"{'a': 0.3999999999999999, 'e': 0.36787944117144233}",30,14,24.569271978057916,"{0: 16, 1: 0, 2: 0, 3: 0, 4: 0}",1
201,False,"{'a': 0.3994999999999999, 'e': 0.36604463480401533}",25,13,20.88917463931722,"{0: 12, 1: 0, 2: 0, 3: 0, 4: 0}",1
202,False,"{'a': 0.3989999999999999, 'e': 0.36421897957152333}",20,13,10.554402131548988,"{0: 7, 1: 0, 2: 0, 3: 0, 4: 0}",1
203,False,"{'a': 0.3984999999999999, 'e': 0.36240242983249027}",20,13,12.136865468509148,"{0: 7, 1: 0, 2: 0, 3: 0, 4: 0}",1
204,False,"{'a': 0.3979999999999999, 'e': 0.3605949401730783}",20,0,23.509006626166215,"{0: 20, 1: 0, 2: 0, 3: 0, 4: 0}",0
205,False,"{'a': 0.3974999999999999, 'e': 0.35879646540595161}",20,13,9.824314463166468,"{0: 7, 1: 0, 2: 0, 3: 0, 4: 0}",1
206,False,"{'a': 0.3969999999999999, 'e': 0.35700696056914738}",30,7,39.860916115249935,"{0: 23, 1: 0, 2: 0, 3: 0, 4: 0}",1
207,False,"{'a': 0.3964999999999999, 'e': 0.35522638092495151}",20,8,17.683546931972646,"{0: 12, 1: 0, 2: 0, 3: 0, 4: 0}",1
208,False,"{'a': 0.3959999999999999, 'e': 0.35345468195878016}",25,0,33.48986761477458,"{0: 25, 1: 0, 2: 0, 3: 0, 4: 0}",0
209,False,"{'a': 0.3954999999999999, 'e': 0.35169181937806693}",20,9,15.077247121862463,"{0: 11, 1: 0, 2: 0, 3: 0, 4: 0}",1
210,False,"{'a': 0.3949999999999999, 'e': 0.34993774911115533}",20,0,27.946096553165617,"{0: 20, 1: 0, 2: 0, 3: 0, 4: 0}",0
211,False,"{'a': 0.3944999999999999, 'e': 0.34819242730619759}",20,0,28.539212158348434,"{0: 20, 1: 0, 2: 0, 3: 0, 4: 0}",0
212,False,"{'a': 0.3939999999999999, 'e': 0.3464558103300574}",30,21,14.516638422363318,"{0: 9, 1: 0, 2: 0, 3: 0, 4: 0}",1
213,False,"{'a': 0.3934999999999999, 'e': 0.34472785476722018}",25,9,24.067244812270637,"{0: 16, 1: 0, 2: 0, 3: 0, 4: 0}",1
214,False,"{'a': 0.3929999999999999, 'e': 0.34300851741870664}",20,0,30.703409436731693,"{0: 20, 1: 0, 2: 0, 3: 0, 4: 0}",0
215,False,"{'a': 0.3924999999999999, 'e': 0.34129775530099371}",20,15,6.212650202613988,"{0: 5, 1: 0, 2: 0, 3: 0, 4: 0}",1
216,False,"{'a': 0.3919999999999999, 'e': 0.33959552564493911}",35,0,52.48998086168356,"{0: 35, 1: 0, 2: 0, 3: 0, 4: 0}",0
217,False,"{'a': 0.3914999999999999, 'e': 0.33790178589471304}",20,6,26.572670955237598,"{0: 14, 1: 0, 2: 0, 3: 0, 4: 0}",1
218,False,"{'a': 0.3909999999999999, 'e': 0.33621649370673329}",20,9,20.182812074842857,"{0: 11, 1: 0, 2: 0, 3: 0, 4: 0}",1
219,False,"{'a': 0.3904999999999999, 'e': 0.33453960694860763}",25,13,19.11115288685627,"{0: 12, 1: 0, 2: 0, 3: 0, 4: 0}",1
220,False,"{'a': 0.3899999999999999, 'e': 0.33287108369807955}",25,2,39.94272352582225,"{0: 23, 1: 0, 2: 0, 3: 0, 4: 0}",1
221,False,"{'a': 0.3894999999999999, 'e': 0.33121088224198098}",30,10,35.840386488609326,"{0: 20, 1: 0, 2: 0, 3: 0, 4: 0}",1
222,False,"{'a': 0.3889999999999999, 'e': 0.32955896107518906}",30,8,36.891532453699035,"{0: 22, 1: 0, 2: 0, 3: 0, 4: 0}",1
223,False,"{'a': 0.3884999999999999, 'e': 0.32791527889958855}",30,22,11.401967515490226,"{0: 8, 1: 0, 2: 0, 3: 0, 4: 0}",1
224,False,"{'a': 0.3879999999999999, 'e': 0.32627979462303947}",30,14,29.27164212899307,"{0: 16, 1: 0, 2: 0, 3: 0, 4: 0}",1
225,False,"{'a': 0.3874999999999999, 'e': 0.32465246735834974}",20,0,26.005506619738366,"{0: 20, 1: 0, 2: 0, 3: 0, 4: 0}",0
226,False,"{'a': 0.3869999999999999, 'e': 0.32303325642225289}",25,2,36.70686767149169,"{0: 23, 1: 0, 2: 0, 3: 0, 4: 0}",1
227,False,"{'a': 0.3864999999999999, 'e': 0.32142212133439135}",30,3,31.496992919430596,"{0: 27, 1: 0, 2: 0, 3: 0, 4: 0}",1
228,False,"{'a': 0.3859999999999999, 'e': 0.31981902181630384}",20,8,20.14949276632398,"{0: 12, 1: 0, 2: 0, 3: 0, 4: 0}",1
229,False,"{'a': 0.3854999999999999, 'e': 0.31822391779041909}",20,0,28.374810941281392,"{0: 20, 1: 0, 2: 0, 3: 0, 4: 0}",0
230,False,"{'a': 0.3849999999999999, 'e': 0.31663676937905316}",25,16,14.518578862719682,"{0: 9, 1: 0, 2: 0, 3: 0, 4: 0}",1
231,False,"{'a': 0.3844999999999999, 'e': 0.31505753690341332}",25,10,25.3297267339673,"{0: 15, 1: 0, 2: 0, 3: 0, 4: 0}",1
232,False,"{'a': 0.3839999999999999, 'e': 0.31348618088260533}",20,6,23.189992103045558,"{0: 14, 1: 0, 2: 0, 3: 0, 4: 0}",1
233,False,"{'a': 0.3834999999999999, 'e': 0.31192266203264674}",20,2,32.37528049344288,"{0: 18, 1: 0, 2: 0, 3: 0, 4: 0}",1
234,False,"{'a': 0.3829999999999999, 'e': 0.31036694126548503}",25,0,33.37411542585385,"{0: 25, 1: 0, 2: 0, 3: 0, 4: 0}",0
235,False,"{'a': 0.3824999999999999, 'e': 0.30881897968801986}",25,2,31.666260968383167,"{0: 23, 1: 0, 2: 0, 3: 0, 4: 0}",1
236,False,"{'a': 0.3819999999999999, 'e': 0.30727873860113125}",25,7,31.64993756427778,"{0: 18, 1: 0, 2: 0, 3: 0, 4: 0}",1
237,False,"{'a': 0.3814999999999999, 'e': 0.30574617949871175}",20,0,32.64921543099014,"{0: 20, 1: 0, 2: 0, 3: 0, 4: 0}",0
238,False,"{'a': 0.3809999999999999, 'e': 0.30422126406670408}",20,8,19.956621243188387,"{0: 12, 1: 0, 2: 0, 3: 0, 4: 0}",1
239,False,"{'a': 0.3804999999999999, 'e': 0.30270395418214285}",30,22,11.415709558169155,"{0: 8, 1: 0, 2: 0, 3: 0, 4: 0}",1
240,False,"{'a': 0.3799999999999999, 'e': 0.30119421191220214}",25,7,27.273046183771985,"{0: 18, 1: 0, 2: 0, 3: 0, 4: 0}",1
241,False,"{'a': 0.3794999999999999, 'e': 0.29969199951324632}",20,8,19.641884408857283,"{0: 12, 1: 0, 2: 0, 3: 0, 4: 0}",1
242,False,"{'a': 0.3789999999999999, 'e': 0.29819727942988739}",30,11,31.82836477671058,"{0: 19, 1: 0, 2: 0, 3: 0, 4: 0}",1
243,False,"{'a': 0.3784999999999999, 'e': 0.29671001429404525}",20,16,4.445257058405737,"{0: 4, 1: 0, 2: 0, 3: 0, 4: 0}",1
244,False,"{'a': 0.3779999999999999, 'e': 0.29523016692401421}",30,20,14.421642493095593,"{0: 10, 1: 0, 2: 0, 3: 0, 4: 0}",1
245,False,"{'a': 0.3774999999999999, 'e': 0.29375770032353277}",25,0,31.069531833089954,"{0: 25, 1: 0, 2: 0, 3: 0, 4: 0}",0
246,False,"{'a': 0.3769999999999999, 'e': 0.29229257768085942}",20,10,16.020031829263143,"{0: 10, 1: 0, 2: 0, 3: 0, 4: 0}",1
247,False,"{'a': 0.3764999999999999, 'e': 0.29083476236785155}",35,6,40.30056624689098,"{0: 29, 1: 0, 2: 0, 3: 0, 4: 0}",1
248,False,"{'a': 0.3759999999999999, 'e': 0.28938421793905061}",25,10,28.643079341312983,"{0: 15, 1: 0, 2: 0, 3: 0, 4: 0}",1
249,False,"{'a': 0.3754999999999999, 'e': 0.28794090813077022}",20,14,9.103589861291315,"{0: 6, 1: 0, 2: 0, 3: 0, 4: 0}",1
250,False,"{'a': 0.3749999999999999, 'e': 0.28650479686019009}",20,9,19.850392897271206,"{0: 11, 1: 0, 2: 0, 3: 0, 4: 0}",1
251,False,"{'a': 0.3744999999999999, 'e': 0.28507584822445353}",20,10,20.836336812458665,"{0: 10, 1: 0, 2: 0, 3: 0, 4: 0}",1
252,False,"{'a': 0.3739999999999999, 'e': 0.2836540264997704}",20,16,7.4680245720944844,"{0: 4, 1: 0, 2: 0, 3: 0, 4: 0}",1
253,False,"{'a': 0.3734999999999999, 'e': 0.28223929614052329}",25,0,35.344553306566915,"{0: 25, 1: 0, 2: 0, 3: 0, 4: 0}",0
254,False,"{'a': 0.3729999999999999, 'e': 0.28083162177837978}",20,7,19.73756863708559,"{0: 13, 1: 0, 2: 0, 3: 0, 4: 0}",1
255,False,"{'a': 0.3724999999999999, 'e': 0.27943096822140728}",20,4,21.1635520973848,"{0: 16, 1: 0, 2: 0, 3: 0, 4: 0}",1
256,False,"{'a': 0.3719999999999999, 'e': 0.27803730045319414}",25,6,29.83448037224862,"{0: 19, 1: 0, 2: 0, 3: 0, 4: 0}",1
257,False,"{'a': 0.3714999999999999, 'e': 0.27665058363197342}",20,13,13.821870763485226,"{0: 7, 1: 0, 2: 0, 3: 0, 4: 0}",1
258,False,"{'a': 0.3709999999999999, 'e': 0.27527078308975234}",20,6,22.45504729018325,"{0: 14, 1: 0, 2: 0, 3: 0, 4: 0}",1
259,False,"{'a': 0.3704999999999999, 'e': 0.27389786433144558}",25,0,37.25038264263102,"{0: 25, 1: 0, 2: 0, 3: 0, 4: 0}",0
260,False,"{'a': 0.3699999999999999, 'e': 0.27253179303401259}",25,10,26.99895118577696,"{0: 15, 1: 0, 2: 0, 3: 0, 4: 0}",1
261,False,"{'a': 0.3694999999999999, 'e': 0.27117253504559991}",30,15,27.59384215469592,"{0: 15, 1: 0, 2: 0, 3: 0, 4: 0}",1
262,False,"{'a': 0.3689999999999999, 'e': 0.26982005638468681}",20,16,9.848469844563196,"{0: 4, 1: 0, 2: 0, 3: 0, 4: 0}",1
263,False,"{'a': 0.3684999999999999, 'e': 0.26847432323923659}",25,0,32.527763383566636,"{0: 25, 1: 0, 2: 0, 3: 0, 4: 0}",0
264,False,"{'a': 0.3679999999999999, 'e': 0.26713530196585034}",20,2,27.009010554440795,"{0: 18, 1: 0, 2: 0, 3: 0, 4: 0}",1
265,False,"{'a': 0.3674999999999999, 'e': 0.26580295908892659}",30,12,26.13644676165276,"{0: 18, 1: 0, 2: 0, 3: 0, 4: 0}",1
266,False,"{'a': 0.3669999999999999, 'e': 0.26447726129982396}",35,0,54.06513082668043,"{0: 35, 1: 0, 2: 0, 3: 0, 4: 0}",0
267,False,"{'a': 0.3664999999999999, 'e': 0.26315817545602871}",25,0,38.09680841829497,"{0: 25, 1: 0, 2: 0, 3: 0, 4: 0}",0
268,False,"{'a': 0.3659999999999999, 'e': 0.26184566858032599}",25,15,19.19318413442903,"{0: 10, 1: 0, 2: 0, 3: 0, 4: 0}",1
269,False,"{'a': 0.3654999999999999, 'e': 0.2605397078599756}",25,13,19.27640076242729,"{0: 12, 1: 0, 2: 0, 3: 0, 4: 0}",1
270,False,"{'a': 0.3649999999999999, 'e': 0.25924026064589151}",20,2,33.81792874548067,"{0: 18, 1: 0, 2: 0, 3: 0, 4: 0}",1
271,False,"{'a': 0.3644999999999999, 'e': 0.25794729445182568}",25,16,13.451013986487503,"{0: 9, 1: 0, 2: 0, 3: 0, 4: 0}",1
272,False,"{'a': 0.3639999999999999, 'e': 0.25666077695355588}",20,10,19.964282329216186,"{0: 10, 1: 0, 2: 0, 3: 0, 4: 0}",1
273,False,"{'a': 0.3634999999999999, 'e': 0.25538067598807768}",20,6,24.220245949037036,"{0: 14, 1: 0, 2: 0, 3: 0, 4: 0}",1
274,False,"{'a': 0.3629999999999999, 'e': 0.25410695955280027}",35,15,33.35116022816116,"{0: 20, 1: 0, 2: 0, 3: 0, 4: 0}",1
275,False,"{'a': 0.3624999999999999, 'e': 0.25283959580474646}",20,0,28.48400690154785,"{0: 20, 1: 0, 2: 0, 3: 0, 4: 0}",0
276,False,"{'a': 0.3619999999999999, 'e': 0.25157855305975646}",25,10,27.253192438551288,"{0: 15, 1: 0, 2: 0, 3: 0, 4: 0}",1
277,False,"{'a': 0.3614999999999999, 'e': 0.25032379979169611}",30,18,16.791043126247853,"{0: 12, 1: 0, 2: 0, 3: 0, 4: 0}",1
278,False,"{'a': 0.3609999999999999, 'e': 0.24907530463166816}",20,11,13.3680036310653,"{0: 9, 1: 0, 2: 0, 3: 0, 4: 0}",1
279,False,"{'a': 0.3604999999999999, 'e': 0.24783303636722875}",20,0,26.67558004412239,"{0: 20, 1: 0, 2: 0, 3: 0, 4: 0}",0
280,False,"{'a': 0.3599999999999999, 'e': 0.24659696394160643}",25,10,24.429779748699282,"{0: 15, 1: 0, 2: 0, 3: 0, 4: 0}",1
281,False,"{'a': 0.3594999999999999, 'e': 0.24536705645292634}",25,12,20.885036971490837,"{0: 13, 1: 0, 2: 0, 3: 0, 4: 0}",1
282,False,"{'a': 0.3589999999999999, 'e': 0.24414328315343711}",20,0,23.197530058533317,"{0: 20, 1: 0, 2: 0, 3: 0, 4: 0}",0
283,False,"{'a': 0.3584999999999999, 'e': 0.24292561344874244}",25,14,17.794751298421065,"{0: 11, 1: 0, 2: 0, 3: 0, 4: 0}",1
284,False,"{'a': 0.3579999999999999, 'e': 0.24171401689703645}",20,14,10.567252793909354,"{0: 6, 1: 0, 2: 0, 3: 0, 4: 0}",1
285,False,"{'a': 0.3574999999999999, 'e': 0.24050846320834213}",20,8,15.610173787202905,"{0: 12, 1: 0, 2: 0, 3: 0, 4: 0}",1
286,False,"{'a': 0.3569999999999999, 'e': 0.23930892224375455}",20,2,32.296369327962466,"{0: 18, 1: 0, 2: 0, 3: 0, 4: 0}",1
287,False,"{'a': 0.3564999999999999, 'e': 0.23811536401468703}",25,8,24.242227474757655,"{0: 17, 1: 0, 2: 0, 3: 0, 4: 0}",1
288,False,"{'a': 0.35599999999999987, 'e': 0.23692775868212176}",20,8,23.250685375356976,"{0: 12, 1: 0, 2: 0, 3: 0, 4: 0}",1
289,False,"{'a': 0.35549999999999987, 'e': 0.23574607655586352}",20,12,13.516186487380256,"{0: 8, 1: 0, 2: 0, 3: 0, 4: 0}",1
290,False,"{'a': 0.35499999999999987, 'e': 0.23457028809379765}",20,10,16.03069871196045,"{0: 10, 1: 0, 2: 0, 3: 0, 4: 0}",1
291,False,"{'a': 0.35449999999999987, 'e': 0.23340036390115132}",25,4,29.123813005895364,"{0: 21, 1: 0, 2: 0, 3: 0, 4: 0}",1
292,False,"{'a': 0.35399999999999987, 'e': 0.23223627472975883}",20,0,30.938008214480863,"{0: 20, 1: 0, 2: 0, 3: 0, 4: 0}",0
293,False,"{'a': 0.35349999999999987, 'e': 0.23107799147733019}",20,4,22.763090610321864,"{0: 16, 1: 0, 2: 0, 3: 0, 4: 0}",1
294,False,"{'a': 0.35299999999999987, 'e': 0.22992548518672384}",35,23,23.505751119088412,"{0: 12, 1: 0, 2: 0, 3: 0, 4: 0}",1
295,False,"{'a': 0.35249999999999987, 'e': 0.22877872704522242}",20,0,30.403038239119258,"{0: 20, 1: 0, 2: 0, 3: 0, 4: 0}",1
296,False,"{'a': 0.35199999999999987, 'e': 0.22763768838381274}",20,0,27.504108069400466,"{0: 20, 1: 0, 2: 0, 3: 0, 4: 0}",0
297,False,"{'a': 0.35149999999999987, 'e': 0.22650234067646874}",20,10,20.41209467411715,"{0: 10, 1: 0, 2: 0, 3: 0, 4: 0}",1
298,False,"{'a': 0.35099999999999987, 'e': 0.22537265553943872}",20,0,31.808308904895124,"{0: 20, 1: 0, 2: 0, 3: 0, 4: 0}",0
299,False,"{'a': 0.35049999999999987, 'e': 0.22424860473053532}",20,6,20.24201825361617,"{0: 14, 1: 0, 2: 0, 3: 0, 4: 0}",1
300,False,"{'a': 0.34999999999999987, 'e': 0.22313016014842982}",20,0,28.924240679440643,"{0: 20, 1: 0, 2: 0, 3: 0, 4: 0}",1
301,False,"{'a': 0.34949999999999987, 'e': 0.22201729383194937}",20,11,15.116392131725467,"{0: 9, 1: 0, 2: 0, 3: 0, 4: 0}",1
302,False,"{'a': 0.34899999999999987, 'e': 0.2209099779593782}",20,3,27.515417972852426,"{0: 17, 1: 0, 2: 0, 3: 0, 4: 0}",1
303,False,"{'a': 0.34849999999999987, 'e': 0.21980818484776168}",30,12,29.419977565007205,"{0: 18, 1: 0, 2: 0, 3: 0, 4: 0}",1
304,False,"{'a': 0.34799999999999986, 'e': 0.21871188695221475}",20,3,25.96149535184045,"{0: 17, 1: 0, 2: 0, 3: 0, 4: 0}",1
305,False,"{'a': 0.34749999999999986, 'e': 0.21762105686523284}",30,2,38.794143463186835,"{0: 28, 1: 0, 2: 0, 3: 0, 4: 0}",1
306,False,"{'a': 0.34699999999999986, 'e': 0.21653566731600707}",25,9,24.47048512127435,"{0: 16, 1: 0, 2: 0, 3: 0, 4: 0}",1
307,False,"{'a': 0.34649999999999986, 'e': 0.21545569116974203}",25,0,31.81007076518838,"{0: 25, 1: 0, 2: 0, 3: 0, 4: 0}",0
308,False,"{'a': 0.34599999999999986, 'e': 0.21438110142697794}",30,0,40.28523127576748,"{0: 30, 1: 0, 2: 0, 3: 0, 4: 0}",0
309,False,"{'a': 0.34549999999999986, 'e': 0.21331187122291523}",20,14,12.030276227954936,"{0: 6, 1: 0, 2: 0, 3: 0, 4: 0}",1
310,False,"{'a': 0.34499999999999986, 'e': 0.21224797382674304}",25,0,26.222295125176544,"{0: 25, 1: 0, 2: 0, 3: 0, 4: 0}",0
311,False,"{'a': 0.34449999999999986, 'e': 0.21118938264097117}",35,14,27.763884126923795,"{0: 21, 1: 0, 2: 0, 3: 0, 4: 0}",1
312,False,"{'a': 0.34399999999999986, 'e': 0.21013607120076472}",20,6,22.108038931831658,"{0: 14, 1: 0, 2: 0, 3: 0, 4: 0}",1
313,False,"{'a': 0.34349999999999986, 'e': 0.20908801317328293}",20,0,25.64043670323714,"{0: 20, 1: 0, 2: 0, 3: 0, 4: 0}",0
314,False,"{'a': 0.34299999999999986, 'e': 0.20804518235702046}",30,16,24.920803764062324,"{0: 14, 1: 0, 2: 0, 3: 0, 4: 0}",1
315,False,"{'a': 0.34249999999999986, 'e': 0.20700755268115265}",20,15,9.669683125295723,"{0: 5, 1: 0, 2: 0, 3: 0, 4: 0}",1
316,False,"{'a': 0.34199999999999986, 'e': 0.20597509820488344}",20,4,21.977798409129175,"{0: 16, 1: 0, 2: 0, 3: 0, 4: 0}",1
317,False,"{'a': 0.34149999999999986, 'e': 0.20494779311679731}",20,1,24.498022006068755,"{0: 19, 1: 0, 2: 0, 3: 0, 4: 0}",1
318,False,"{'a': 0.34099999999999986, 'e': 0.20392561173421342}",30,7,36.97296582179374,"{0: 23, 1: 0, 2: 0, 3: 0, 4: 0}",1
319,False,"{'a': 0.34049999999999986, 'e': 0.20290852850254407}",25,10,28.54556875609306,"{0: 15, 1: 0, 2: 0, 3: 0, 4: 0}",1
320,False,"{'a': 0.33999999999999986, 'e': 0.20189651799465538}",20,15,10.494811422992214,"{0: 5, 1: 0, 2: 0, 3: 0, 4: 0}",1
321,False,"{'a': 0.33949999999999986, 'e': 0.20088955491023208}",20,0,26.433025091417935,"{0: 20, 1: 0, 2: 0, 3: 0, 4: 0}",0
322,False,"{'a': 0.33899999999999986, 'e': 0.19988761407514449}",20,0,25.191187600262243,"{0: 20, 1: 0, 2: 0, 3: 0, 4: 0}",0
1,True,"{'a': 0, 'e': 0}",20,5,25.702060652575845,"{0: 15, 1: 0, 2: 0, 3: 0, 4: 0}",1
2,True,"{'a': 0, 'e': 0}",30,8,39.59495589511816,"{0: 22, 1: 0, 2: 0, 3: 0, 4: 0}",1
3,True,"{'a': 0, 'e': 0}",20,10,19.860492658294582,"{0: 10, 1: 0, 2: 0, 3: 0, 4: 0}",1
4,True,"{'a': 0, 'e': 0}",25,17,12.445960379629929,"{0: 8, 1: 0, 2: 0, 3: 0, 4: 0}",1
5,True,"{'a': 0, 'e': 0}",25,8,24.45574593774315,"{0: 17, 1: 0, 2: 0, 3: 0, 4: 0}",1
6,True,"{'a': 0, 'e': 0}",30,17,22.1923376754071,"{0: 13, 1: 0, 2: 0, 3: 0, 4: 0}",1
7,True,"{'a': 0, 'e': 0}",20,8,18.792137401224046,"{0: 12, 1: 0, 2: 0, 3: 0, 4: 0}",1
8,True,"{'a': 0, 'e': 0}",20,11,14.976511932797221,"{0: 9, 1: 0, 2: 0, 3: 0, 4: 0}",1
9,True,"{'a': 0, 'e': 0}",25,4,31.625052332226804,"{0: 21, 1: 0, 2: 0, 3: 0, 4: 0}",1
10,True,"{'a': 0, 'e': 0}",30,12,31.44464630826139,"{0: 18, 1: 0, 2: 0, 3: 0, 4: 0}",1
